PURICELLI;Julien;1990011574801
FALL;Benjamin;1993041574803
LAPANDRY;Alexandre;1999101574804
DUCALCON;Luc;1992031574805
LAURET;Wenceslas;1994051574807
PORICAL;Jérôme;2000111574808
ESTEBANEZ;Fabrice;1998091574809
SCHUSTER;Jérôme;1995061574810
NOIROT;Benjamin;1996071574811
HUGET;Yoann;1991021574812
LAKAFIA;Raphaë;1990011574813
DOUSSAIN;Jean-Marc;1997081574814
FOFANA;Wesley;1993041574815
MAESTRI;Yoann;1999101574816
BUTTIN;Jean-Marcellin;1992031574817
DULIN;Brice;1990121574818
WATREMEZ;Yvan;1994051574819
TAOFIFÉNUA;Romain;2000111574820
TOLOFUA;Christopher;1998091574821
MACHENAUD;Maxime;1995061574822
SAMSON;Christophe;1996071574823
FORESTIER;Yannick;1991021574825
SUTA;Jocelino;1990011574827
VAHAAMAHINA;Sébastien;1997081574829
CLAASSEN;Antonie;1993041574831
FICKOU;Gaël;1999101574833
LOPEZ;Camille;1992031574835
PLANTÉ;Adrien;1990121574837
FLANQUART;Alexandre;1994051574839
KOTZE;Daniel;2000111574841
LE_ROUX;Bernard;1998091574843
TALÈS;Rémi Talès;1995061574845
SLIMANI;Rabah;1991021574849
GUITOUNE;Sofiane;1990011574851
PÉLISSIÉ;Jonathan;1997081574853
PLISSON;Jules;1993041574855
BURBAN;Antoine;1999101574857
BONNEVAL;Hugo;1992031574859
MACH;Brice ;1990121574861
LE_BOURHIS;Félix;1994051574863
LAMERAT;Rémi;2000111574865
MENINI;Alexandre;1998091574867
DUMOULIN;Alexandre;1995061574869
SPEDDING;Scott;1996071574871
THOMAS;Teddy;1991021574873
onepip3;Uini3;111111110
CHIOCCI;Xavier;1997081574877
KOCKOTT;Rory;1993041574879
OLLIVON;Charles;1999101574881
GOUJON;Loann;1992031574883
NAKAITACI;Noa;1990121574885
GROSSO;Rémy;1994051574887
ETCHETO;Vincent;1992031574835
IBAÑEZ;Raphaël;1990121574837
GODIGNON;Nicolas;1994051574839
URIOS;Christophe;2000111574841
TRAVERS;Laurent;1998091574843
PRENDERGAST;Mike;1995061574845
WHITE;Jake;1996071574847
MIGNONI;Pierre;1991021574849
QUESADA;Gonzalo;1990011574851
MANNIX;Simon;1997081574853
COLLAZO;Patrice;1993041574855
FORD;Mike;1999101574857
MOLA;Ugo;1992031574859
